INSERT INTO COIN(COIN_ID, CODE, COIN_NAME)
VALUES (1, 'KRW-BTC', '비트코인');
INSERT INTO COIN(COIN_ID, CODE, COIN_NAME)
VALUES (2, 'KRW-ETH', '이더리움');
INSERT INTO COIN(COIN_ID, CODE, COIN_NAME)
VALUES (3, 'KRW-XRP', '리플');

INSERT INTO USERS(USER_ID, DISPLAY_NAME, EMAIL, PASSWORD, PLATFORM, USER_ROLE)
VALUES (1, '루피', 'loofy@naver.com', '1234', 'KAKAO', 'ROLE_USER');
INSERT INTO USERS(USER_ID, DISPLAY_NAME, EMAIL, PASSWORD, PLATFORM, USER_ROLE)
VALUES (2, '조로', 'zoro@naver.com', '1234', 'KAKAO', 'ROLE_USER');

INSERT INTO TRANSACTION_HISTORY(TRANSACTION_HISTORY_ID, TRANSACTION_TYPE, AMOUNT, PRICE, TOTAL_AMOUNT, COMMISSION, SETTLED_AMOUNT, ORDER_TIME, USER_ID, COIN_ID)
VALUES (1, 'BID', 0.01, 20000000, 200000, 0, 200000, NOW(), 1, 1);
INSERT INTO TRANSACTION_HISTORY(TRANSACTION_HISTORY_ID, TRANSACTION_TYPE, AMOUNT, PRICE, TOTAL_AMOUNT, COMMISSION, SETTLED_AMOUNT, ORDER_TIME, USER_ID, COIN_ID)
VALUES (2, 'BID', 0.01, 10000000, 100000, 0, 100000, NOW(), 1, 1);
INSERT INTO TRANSACTION_HISTORY(TRANSACTION_HISTORY_ID, TRANSACTION_TYPE, AMOUNT, PRICE, TOTAL_AMOUNT, COMMISSION, SETTLED_AMOUNT, ORDER_TIME, USER_ID, COIN_ID)
VALUES (3, 'BID', 0.1, 1500000, 150000, 0, 150000, NOW(), 1, 2);
INSERT INTO TRANSACTION_HISTORY(TRANSACTION_HISTORY_ID, TRANSACTION_TYPE, AMOUNT, PRICE, TOTAL_AMOUNT, COMMISSION, SETTLED_AMOUNT, ORDER_TIME, USER_ID, COIN_ID)
VALUES (4, 'ASK', 0.01, 21000000, 210000, 0, 210000, NOW(), 1, 1);
INSERT INTO TRANSACTION_HISTORY(TRANSACTION_HISTORY_ID, TRANSACTION_TYPE, AMOUNT, PRICE, TOTAL_AMOUNT, COMMISSION, SETTLED_AMOUNT, ORDER_TIME, USER_ID, COIN_ID)
VALUES (5, 'ASK', 0.05, 1000000, 50000, 0, 50000, NOW(), 1, 2);

INSERT INTO TRANSACTION_HISTORY(TRANSACTION_HISTORY_ID, TRANSACTION_TYPE, AMOUNT, PRICE, TOTAL_AMOUNT, COMMISSION, SETTLED_AMOUNT, ORDER_TIME, USER_ID, COIN_ID)
VALUES (6, 'BID', 0.001, 20000000, 20000, 0, 20000, NOW(), 2, 1);

